{"attributes":{"position":{"itemSize":3,"type":"Float32Array","array":[0.9813867807388306,0.6201106309890747,-0.978635847568512,0.9813867807388306,0.7770546674728394,-0.978635847568512,-0.9814112186431885,0.6201106309890747,-0.978635847568512,-0.9814112186431885,0.7770546674728394,-0.978635847568512,-0.9814112186431885,0.6201106309890747,0.016049742698669434,-0.9814112186431885,0.7770546674728394,0.016049742698669434,0.9813867807388306,0.6201106309890747,0.016049742698669434,0.9813867807388306,0.7770546674728394,0.016049742698669434,-0.9814112186431885,0.6201106309890747,-0.978635847568512,-0.9814112186431885,0.7770546674728394,-0.978635847568512,-0.9814112186431885,0.6201106309890747,0.0004551410675048828,-0.9814112186431885,0.7770546674728394,0.0004551410675048828,-0.9814112186431885,0.6201106309890747,0.016049742698669434,-0.9814112186431885,0.7770546674728394,0.016049742698669434,0.9813867807388306,0.6201106309890747,-0.978635847568512,-0.9814112186431885,0.6201106309890747,-0.978635847568512,0.9813867807388306,0.6201106309890747,0.0004551410675048828,-0.9814112186431885,0.6201106309890747,0.0004551410675048828,0.9813867807388306,0.6201106309890747,0.016049742698669434,-0.9814112186431885,0.6201106309890747,0.016049742698669434,-1,0.7770546674728394,0.03463852405548096,-0.9814112186431885,0.7770546674728394,0.016049742698669434,-1,0.7770546674728394,0.0004551410675048828,-0.9814112186431885,0.7770546674728394,0.0004551410675048828,-1,0.7770546674728394,-0.9972246289253235,-0.9814112186431885,0.7770546674728394,0.016049742698669434,-1,0.7770546674728394,0.03463852405548096,0.9813867807388306,0.7770546674728394,0.016049742698669434,0.9999755620956421,0.7770546674728394,0.03463852405548096,0.9813867807388306,0.7770546674728394,0.0004551410675048828,0.9999755620956421,0.7770546674728394,0.0004551410675048828,0.9813867807388306,0.7770546674728394,-0.978635847568512,0.9999755620956421,0.7770546674728394,-0.9972246289253235,-0.9814112186431885,0.7770546674728394,-0.978635847568512,0.9813867807388306,0.6201106309890747,0.016049742698669434,0.9813867807388306,0.7770546674728394,0.016049742698669434,0.9813867807388306,0.6201106309890747,0.0004551410675048828,0.9813867807388306,0.7770546674728394,-0.978635847568512,0.9813867807388306,0.6201106309890747,-0.978635847568512,0.9813867807388306,0.7770546674728394,0.0004551410675048828,-0.9560856223106384,0.9248913526535034,-0.01114720106124878,-0.9560856223106384,0.8366883993148804,-0.00565791130065918,1.0438899993896484,0.9248913526535034,-0.01114720106124878,1.0438899993896484,0.8366883993148804,-0.00565791130065918,1.0438899993896484,0.9248913526535034,-0.01114720106124878,1.0438899993896484,0.8366883993148804,-0.00565791130065918,0.9999755620956421,0.8653824329376221,-1.002713918685913,0.9999755620956421,0.7770546674728394,-0.9972246289253235,0.9999755620956421,0.8653824329376221,-1.002713918685913,0.9999755620956421,0.7770546674728394,-0.9972246289253235,-1,0.8653824329376221,-1.002713918685913,-1,0.7770546674728394,-0.9972246289253235,1.0438899993896484,0.9248913526535034,-0.01114720106124878,0.9999755620956421,0.8653824329376221,-1.002713918685913,-0.9560856223106384,0.9248913526535034,-0.01114720106124878,-1,0.8653824329376221,-1.002713918685913,-1,0.8653824329376221,-1.002713918685913,-1,0.7770546674728394,-0.9972246289253235,-0.9560856223106384,0.9248913526535034,-0.01114720106124878,-0.9560856223106384,0.8366883993148804,-0.00565791130065918,0.9999755620956421,0.8641347885131836,1.0027508735656738,0.9999755620956421,0.7770546674728394,1.0027508735656738,0.9999755620956421,0.8641347885131836,0.03463852405548096,0.9999755620956421,0.7770546674728394,0.03463852405548096,-1,0.8641347885131836,0.03463852405548096,-1,0.7770546674728394,0.03463852405548096,-1,0.8641347885131836,1.0027508735656738,-1,0.7770546674728394,1.0027508735656738,0.9999755620956421,0.8641347885131836,0.03463852405548096,0.9999755620956421,0.7770546674728394,0.03463852405548096,-1,0.8641347885131836,0.03463852405548096,-1,0.7770546674728394,0.03463852405548096,0.9999755620956421,0.8641347885131836,1.0027508735656738,0.9999755620956421,0.8641347885131836,0.03463852405548096,-1,0.8641347885131836,1.0027508735656738,-1,0.8641347885131836,0.03463852405548096,-1,-0.9248770475387573,1.0027508735656738,-1,-0.9248770475387573,0.03463852405548096,0.9999755620956421,-0.9248770475387573,1.0027508735656738,0.9999755620956421,-0.9248770475387573,0.03463852405548096,0.9999755620956421,-0.9248770475387573,0.0004551410675048828,-1,-0.9248770475387573,0.0004551410675048828,0.9999755620956421,-0.9248770475387573,-0.9972246289253235,-1,-0.9248770475387573,-0.9972246289253235,-1,0.8641347885131836,1.0027508735656738,-1,0.7770546674728394,1.0027508735656738,0.9999755620956421,0.8641347885131836,1.0027508735656738,0.9999755620956421,0.7770546674728394,1.0027508735656738,-1,-0.9248770475387573,1.0027508735656738,0.9999755620956421,-0.9248770475387573,1.0027508735656738,-1,0.7770546674728394,1.0027508735656738,0.9999755620956421,0.7770546674728394,1.0027508735656738,0.9999755620956421,0.7770546674728394,-0.9972246289253235,0.9999755620956421,0.7770546674728394,0.0004551410675048828,0.9999755620956421,-0.9248770475387573,-0.9972246289253235,0.9999755620956421,-0.9248770475387573,0.0004551410675048828,0.9999755620956421,0.7770546674728394,0.03463852405548096,0.9999755620956421,-0.9248770475387573,0.03463852405548096,0.9999755620956421,-0.9248770475387573,1.0027508735656738,0.9999755620956421,0.7770546674728394,1.0027508735656738,0.9999755620956421,-0.9248770475387573,-0.9972246289253235,-1,-0.9248770475387573,-0.9972246289253235,0.9999755620956421,0.7770546674728394,-0.9972246289253235,-1,0.7770546674728394,-0.9972246289253235,-1,0.7770546674728394,1.0027508735656738,-1,0.7770546674728394,0.03463852405548096,-1,-0.9248770475387573,1.0027508735656738,-1,-0.9248770475387573,0.03463852405548096,-1,0.7770546674728394,0.0004551410675048828,-1,-0.9248770475387573,0.0004551410675048828,-1,-0.9248770475387573,-0.9972246289253235,-1,0.7770546674728394,-0.9972246289253235],"normalized":false},"normal":{"itemSize":3,"type":"Float32Array","array":[0,0,1,0,0,1,0,0,1,0,0,1,0,0,-1,0,0,-1,0,0,-1,0,0,-1,1,0,0,1,0,0,1,0,0,1,0,0,1,0,0,1,0,0,0,1,0,0,1,0,0,1,0,0,1,0,0,1,0,0,1,0,0,1,0,0,1,0,0,1,0,0,1,0,0,1,0,0,1,0,0,1,0,0,1,0,0,1,0,0,1,0,0,1,0,0,1,0,0,1,0,0,1,0,-1,0,0,-1,0,0,-1,0,0,-1,0,0,-1,0,0,-1,0,0,0,0.06224912032485008,0.9980606436729431,0,0.06224912032485008,0.9980606436729431,0,0.06224912032485008,0.9980606436729431,0,0.06224912032485008,0.9980606436729431,0.9989832639694214,-0.002047089161351323,-0.04503614827990532,0.9989832639694214,-0.002047089161351323,-0.04503614827990532,0.9989832639694214,-0.002047089161351323,-0.04503614827990532,0.9989832639694214,-0.002047089161351323,-0.04503614827990532,0,-0.06224912032485008,-0.9980606436729431,0,-0.06224912032485008,-0.9980606436729431,0,-0.06224912032485008,-0.9980606436729431,0,-0.06224912032485008,-0.9980606436729431,0,0.9981949329376221,-0.060057397931814194,0,0.9981949329376221,-0.060057397931814194,0,0.9981949329376221,-0.060057397931814194,0,0.9981949329376221,-0.060057397931814194,-0.9989832043647766,0.002047089161351323,0.045036207884550095,-0.9989832043647766,0.002047089161351323,0.045036207884550095,-0.9989832043647766,0.002047089161351323,0.045036207884550095,-0.9989832043647766,0.002047089161351323,0.045036207884550095,1,0,0,1,0,0,1,0,0,1,0,0,-1,0,0,-1,0,0,-1,0,0,-1,0,0,0,0,-1,0,0,-1,0,0,-1,0,0,-1,0,1,0,0,1,0,0,1,0,0,1,0,0,-1,0,0,-1,0,0,-1,0,0,-1,0,0,-1,0,0,-1,0,0,-1,0,0,-1,0,0,0,1,0,0,1,0,0,1,0,0,1,0,0,1,0,0,1,0,0,1,0,0,1,1,0,0,1,0,0,1,0,0,1,0,0,1,0,0,1,0,0,1,0,0,1,0,0,0,0,-1,0,0,-1,0,0,-1,0,0,-1,-1,0,0,-1,0,0,-1,0,0,-1,0,0,-1,0,0,-1,0,0,-1,0,0,-1,0,0],"normalized":false},"uv":{"itemSize":2,"type":"Float32Array",